ID #,Date In,ST,TT,Wheel,Color,Brand,Model,Quality,Condition,Status,DateOut,Value,Remarks,,,
1,02/17/11,19,,630,Maroon,Univega,Safari Ten,B,B,,,,,,,
2,02/17/11,19,,,Yellow,Schwinn,Breeze,C,B,As-is,07/10/13,,SA Hub,,,
3,02/17/11,23,,559,Gray,Schwinn,Cruiser,C,D,Buildathon,07/10/13,,,,,
4,02/17/11,20,,559,Red,Columbia,Metro,C,C,Buildathon,07/10/13,,,,,
5,02/17/11,18,,,Black,Schwinn,Sidewinder,C,D,,,,,,,
5,02/17/11,22,,630,Red,Schwinn,Varsity,C,C,,,,,,,
6,02/17/11,13,,,Silver,Gary Fisher,Mt Jam,B,C,,,,,,,
8,02/19/11,21,,590,Blue,Free Spirit,Sheffield,C,C,Earn a Bike ,,45,Earn a Bike45,,,
9,02/19/11,20,,590,Blue,Sears (Austria),,C,C,,,,,,,
10,02/19/11,19,,590,Yellow,Iverson,Grand Sport,D,C,Scrap,04/04/11,,Front Light, Mirror,,
10,02/19/11,18,,590,Blue,Murray,Spectra,D,C,Scrap,04/04/11,,,,,
11,02/19/11,21,,630,Blue,Columbia,,D,C,Scrap,04/04/11,,,,,
12,02/19/11,23,,630,Red,Schwinn,Sprint,B,B,,,,Note,,,
13,02/19/11,15.5,,559,Red,Nishiki,Blaner,B,A,Fix for Sale,07/10/13,25,Fix for Sale25,,,
14,02/19/11,23,,630,Black,C.Itoh,,C,C,Earn a Bike,,,,,,
14,02/19/11,22,,559,Red,Huffy,,D,C,,,,,,,
17,02/19/11,21.25,,630,Orange,Vita Sprint,,B,C,Earn a Bike ,,180,Earn a Bike180,,,
18,02/19/11,20,,559,Red,GT,All Terra,B,C,,,,,,,
19,02/19/11,23,,630,Silver,Bridgestone,Road Man,C,C,,,,Japanese Market,,,
20,02/19/11,19.5,,559,White,Western Flyer,Town and Country,D,D,Buildathon,07/10/13,,,,,
21,02/19/11,23,,,Blue,Mongoose,Rockadile,C,F,Buildathon,07/10/13,,Missing Fork,,,
21,02/19/11,20,,559,Black,Mongoose,XR75,D,B,,,,Suspension Fork-doesn't work - was hook 177 now missing?,,,
22,02/19/11,17.5,,559,Blue,Diamondback,Wildwood,C,B,,,,,,,
24,02/19/11,17,,559,Red,Schwinn,Sidewinder,C,C,Youth,07/28/11,, ,,,
25,02/19/11,21,,,White,Raleigh,Grand Prix,C,F,,,,Missing Bottom Bracket,,,
27,02/19/11,17.75,,559,Blue,Schwinn,Mesa Runner,B,A,Fix for Sale,10/06/11,69,,,,
28,02/19/11,19.5,,630,Blue,Saint Tropez,,B,B,Earn a Bike,06/18/11,,,,,
29,02/19/11,0,,559,Blue,Jamis,Explorer XV,B,D,As-is,09/20/11,40,,,,
29,02/19/11,18.5,,559,Black,Giant,Yukon,C,D,Earn a Bike,04/30/11,,Cro-Mo,,,
30,02/19/11,20.5,,559,Blue,Peugeot,Montreal Express,B,D,Earn a Bike,05/28/11,,Rack,,,
32,02/19/11,22,,559,Gray,Raleigh,M30,B,D,Earn a Bike,05/23/11,,,,,
32,05/05/11,,,559,Blue,Schwinn,Frontier,B,B,,,,,,,
33,02/19/11,21,,559,Red,Giant,Rincon,C,C,As-is,08/11/11,,,,,
34,02/19/11,21,,630,Brown,Schwinn,Suburban,C,C,,,,Rack,,,
35,02/19/11,13.5,,559,White,Giant,Boulder,B,B,Fix for Sale,04/14/11,136,Fix for Sale SOLD 136,,,
35,02/19/11,11,,,Green,Haro,Primo,A,B,Fix for Sale,,8,Fix for Sale8,,,
36,02/19/11,19,,559,Black,Ross,Mt. Rushmore,B,C,,,,,,,
37,02/19/11,19,,559,Blue,Huffy,Santa Fe,C,C,,,,,,,
37,02/19/11,19,,559,Gold,Murray,Ultra Terrain,C,C,,,,,,,
38,02/19/11,15.25,,559,Black,Specialized,Hard Rock,B,A,Fix for Sale,04/14/11,134,Fix for Sale SOLD 134,,,
38,02/19/11,17,,559,Pink,Murray,Millenia,C,B,,,,,,,
39,02/19/11,23,,559,Black,Ross,Mt. St. Helens,B,A,Fix for Sale,07/10/13,9,Fix for Sale9,,,
42,02/19/11,19,,559,Red,Free Spirit,Dynasty,C,C,,,,Rack-rear,,,
43,02/19/11,17,,622,Blue,Schwinn,Cross Fit,B,C,As-is,05/21/11,,105,,,
44,02/19/11,16,,630,Pink,Ross,Compact Chic,B,D,,,,Missing saddle,,,
45,02/19/11,18,,559,Blue,Trek,Mountain Track,B,A,Fix for Sale,06/30/11,121,Fix for Sale121 - 91,,,
46,02/19/11,16.5,,559,Blue,Raleigh,SC7,B,A,Fix for Sale,,70,Fix for Sale70 - 108,,,
47,02/19/11,24,,630,Yellow,Schwinn,Sprint,C,C,Scrap,07/16/11,,,,,
48,02/19/11,20,,630,Red,Schwinn,Deluxe Varsity,C,C,As-is,07/10/13,,,,,
49,02/19/11,19,,,Gold,Huffy,Catalina,D,C,Scrap,04/04/11,,,,,
51,02/19/11,19,,,Maroon,Schwinn,Free Spirit,C,C,Fix for Sale,,99,Fix for Sale99,,,
52,02/19/11,19,,559,Blue,Randor,Trail Blazer,C,C,,,,,,,
53,02/19/11,19,,622,White,Univega,Activa Action,B,C,Fix for Sale,,,,,,
54,02/19/11,23,,559,Yellow,Giant,Iguana,C,C,,,,,,,
54,02/19/11,19,,630,Green,Schwinn,Varsity,C,C,,,,,,,
55,02/19/11,19,,559,Silver,Specialized,Hard Rock,B,C,As-is,04/28/11,,no wheels,,,
56,02/19/11,21,,559,Maroon,Huffy,Kensington,D,B,As-is,07/10/13,20,,,,
57,02/19/11,19,,590,Black,Raleigh,Roadster,C,C,,,,SA hub,,,
58,02/19/11,20.5,,559,White,GT,Timberline,B,C,,,,,,,
59,02/19/11,18,,630,Tan,Free Spirit,,D,C,Scrap,04/04/11,,,,,
60,02/19/11,19,,559,Black,Specialized,Hard Rock,C,D,Youth,07/10/13,,Positive Spin,,,
63,02/19/11,25,,630,Red,Gitane,Grand Sport Deluxe,C,D,,,,,,,
64,02/19/11,18,,,Purple,Nishiki,Bravo,C,D,Scrap,08/01/11,,,,,
65,02/19/11,23,,,Blue,Univega,Carisma,D,D,,,,,,,
66,02/19/11,21,,,Black,Schwinn,Express,C,D,,,,,,,
67,02/19/11,0,,,Gray,Volksbike,,B,B,Earn a Bike,,,,,,
68,02/19/11,21,,,Green,Diamondback,Expert,B,F,Earn a Bike ,,72,Earn a Bike72,,,
69,05/07/11,,,,Black,,,,,As-is,07/10/13,,Volunteer Hours,,,
70,02/19/11,18.5,,622,Gold,Pro Flex,Generation,B,C,,,,missing pedals & cassette cluster,,,
71,02/19/11,16,,559,Silver,KHS,Westwood,C,C,Earn a Bike,05/26/11,,,,,
72,02/19/11,19,,559,Purple,Giant,Boulder 520,B,C,Earn a Bike,,,,,,
72,02/19/11,16,,559,Black,Raleigh,M20,A,C,Earn a Bike ,,135,Earn a Bike135,,,
73,02/19/11,18,,622,Blue,Schwinn,Criss Cross,B,C,As-is,10/27/11,115,Was Fix for Sale115 (?); info sheet has arrived 6/27/11,,,
74,02/19/11,22.5,,630,Silver,Schwinn,Le Tour,B,C,,,,Rack-rear,,,
75,02/19/11,13.5,,,Red,Jamis,Explorer,B,A,Fix for Sale,07/10/13,97,Fix for Sale20 - 97,,,
76,02/19/11,21.5,,622,Blue,Trek,1100,A,D,Earn a Bike ,,19,Earn a Bike19,,,
76,02/19/11,23,,630,Gray,Schwinn,Traveler,B,B,,,,,,,
77,08/22/11,19,22,599,Blue,Huffy,Grand Prairie,B,B,Scrap,08/29/11,,,,,
77,02/19/11,15,,,Blue,Pacific,Scorpio,C,C,Youth,07/10/13,,Positive Spin,,,
78,02/19/11,21,,630,Black,Huffy,,D,C,Scrap,04/04/11,,Speedometer,,,
79,02/19/11,26,,630,Red,Schwinn,World,C,C,As-is,08/05/11,40,40.... Rack,,,
80,02/19/11,26,,630,Red,Raleigh,Grand Prix,C,C,,,,,,,
83,02/19/11,18,,630,Gray,,,D,C,Scrap,04/03/11,,,,,
84,02/19/11,19,,559,Gray,Specialized,Expedition,B,D,As-is,06/04/11,,,,,
84,02/19/11,19,,559,Red,Specialized,Hard Rock,C,C,,,,,,,
85,02/19/11,19,,559,Black,Diamondback,Sorrento Sport,D,D,,,,Rack,,,
86,02/19/11,14,,622,Silver,Specialized,Cross Roads,B,B,,,,,,,
87,02/19/11,25.5,,622,Gray,Nashbar,,A,F,As-is,04/28/11,,Earn a Bike (last season...),,,
87,02/19/11,23,,622,Yellow,Schwinn,,B,F,Earn a Bike,10/01/11,40,40,,,
89,02/19/11,12,,559,Black,Raleigh,M20,B,C,As-is,08/20/11,,,,,
89,02/19/11,20,,590,Blue,Schwinn,Collegiate Sport,C,C,,,,,,,
90,02/19/11,22,,630,Gray,Huffy,Carrera,D,D,As-is,08/05/11,,,,,
91,02/19/11,19,,630,Blue,Ross,Pipe Bomb,C,C,,,,,,,
92,02/19/11,21,,622,White,Tunturi,,C,D,As-is,05/23/11,,,,,
92,02/19/11,13,,590,White,Specialized,Hard Rock,B,B,Fix for Sale,06/04/11,,,,,
93,02/19/11,21,,630,Red,Schwinn,Traveler,C,C,,,,,,,
94,02/19/11,25,,,Green,,Freestyle,C,C,,,,,,,
95,02/19/11,21,,559,White,Bridgestone,City Limit,B,D,Fix for Sale,,155,Fix for Sale155,,,
97,02/19/11,17,,559,Green,Raleigh,City Sport,B,C,Fix for Sale,,62,Fix for Sale401 - 62,,,
98,02/19/11,19.5,,622,Blue,Panasonic,Sport 500,A,F,Earn a Bike ,,162,Earn a Bike162,,,
99,02/19/11,18,,559,Purple,Diamondback,,B,C,,,,Rack,,,
101,02/19/11,15.5,,559,Maroon,Jamis,Cross Country,B,C,,,,,,,
102,02/19/11,20,,590,Blue,Huffy,Omni,C,C,Earn a Bike,05/12/11,,,,,
102,02/19/11,15,,559,Blue,Giant,Sedona CS,B,C,Earn a Bike,09/15/11,,Caroline reserved for Juan,,,
103,02/19/11,19,,630,Red,American Eagle,,C,D,,,,,,,
104,02/19/11,24,,630,Brown,Schwinn,Continental,C,C,,,,Caroline reserved for Juan. Rack,,,
104,02/19/11,17,,559,Orange,,,A,F,,,,,,,
106,02/19/11,19,,559,Yellow,Giant,ATX890,B,F,As-is,04/14/11,40,Sold As-Is 40,,,
106,02/19/11,20,,559,Blue,Schwinn,,B,D,,,,Shimano 600 crank,,,
107,02/19/11,25,,622,Gray,SR,,C,F,,,,,,,
108,02/19/11,17,,559,Red,Giant,Rincon,A,F,,,,Cro-Mo,,,
109,02/19/11,17,,559,White,Specialized,Stump Jumper,B,F,,,,,,,
110,02/19/11,22,,630,Yellow,Schwinn,Varsity,C,B,As-is,07/10/13,,,,,
111,02/19/11,21,,559,Blue,Free Spirit,Dynasty,C,D,,,,,,,
112,02/19/11,19,,622,Red,Fuji,Monterey,B,B,Earn a Bike,,,,,,
112,02/19/11,l,,590,White,Huffy,Parkridge,C,B,,,,,,,
113,02/19/11,20,,559,Green,Bridgestone,NB26,B,D,Earn a Bike,07/09/11,,,,,
114,02/19/11,19.5,,590,Black,Sears (Austria),,C,B,,,,,,,
115,02/19/11,19,,590,Blue,C.Itoh,CI,C,D,,,,,,,
116,02/19/11,18,,630,Maroon,Free Spirit,Brittany,C,C,,,,,,,
117,02/19/11,21,,590,Orange,Huffy,Sea Pines,D,B,Scrap,04/04/11,,,,,
117,02/19/11,15.5,,,Yellow,,,D,D,Scrap,04/04/11,,,,,
118,02/19/11,17.5,,559,Blue,Huffy,Savannah,C,C,,,,,,,
119,02/19/11,18,,630,White,BCA,Hardwood 200,B,D,Fix for Sale,,164,Fix for Sale164,,,
119,02/19/11,19,,559,Black,Shogun,,C,D,,,,,,,
120,02/19/11,23,,590,Blue,Huffy,,D,C,Buildathon,07/10/13,,Caroline reserved for Juan,,,
120,02/19/11,20,,559,Brown,,,B,F,,,,,,,
121,02/19/11,21,,630,White,,,D,F,,,,,,,
122,02/19/11,25,,630,Blue,Schwinn,Traveler III,C,C,,,,,,,
123,02/19/11,20,,630,Gray,Viscount,,C,D,,,,,,,
124,02/19/11,19,,630,Blue,Free Spirit,Response,C,D,,,,,,,
125,02/19/11,17,,559,Pink,Schwinn,Frontier,B,C,,,,,,,
126,02/19/11,0,,,Silver,,Ultralight,B,B,,,,,,,
128,02/19/11,20,,590,Brown,Sears (Austria),,C,C,,,,,,,
129,02/19/11,20,,590,Brown,,,C,D,Earn a Bike ,,32,Earn a Bike32,,,
130,02/19/11,20,,590,Black,Murray,Racer,D,B,,,,,,,
131,02/19/11,20,,590,Black,Sears (Austria),,C,C,,,,,,,
132,02/19/11,21,,590,Silver,Sears,Fleetwood,D,C,Scrap,04/04/11,,,,,
132,02/19/11,22,,630,Blue,Huffy,Omni 10,D,B,Scrap,04/04/11,,,,,
133,02/19/11,20,,590,Green,Free Spirit,Greenbriar,D,B,Scrap,07/16/11,,,,,
134,06/30/11,,,,Gray,Mongoose,,C,,As-is,07/16/11,,,,,
135,02/19/11,18,,,Blue,ROG,Pony,C,D,As-is,07/10/13,,,,,
136,02/19/11,23,,630,Black,Schwinn,Traveler,C,B,,,,,,,
137,02/19/11,19,,630,Pink,Columbia,,C,C,,,,,,,
138,02/19/14,24,,559,Blue,GS,Zebrakenko,B,C,,,,,,,
140,02/19/11,21,,630,Blue,AMF,Scorcher,C,C,,,,Computer,,,
141,02/19/11,20,,622,Green,Mongoose,Crossway 250,B,C,As-is,07/02/11,56,As-is 56,,,
141,02/19/11,22,,559,Black,Raleigh,,B,C,Earn a Bike ,,129,Earn a Bike129,,,
142,02/19/11,17,,630,Pink,Schwinn,Caliente,B,C,Fix for Sale,,152,Fix for Sale152,,,
142,02/19/11,22,,630,Gray,CDI,,C,C,,,,,,,
143,02/19/11,18,,,Purple,Raleigh,Capri,C,C,,,,,,,
144,02/19/11,20,,630,Black,Eschelon,,D,C,Scrap,04/04/11,,,,,
145,02/19/11,21,,559,Purple,Giant,Iguana 630,B,B,,,,,,,
146,02/19/11,21,,559,Gray,Gary Fisher,Marlin,B,D,,,,,,,
146,02/19/11,25,,630,White,Peugeot,,C,C,,,,,,,
147,02/19/11,0,,,Green,AMF,Roadmaster,C,B,Scrap,04/04/11,,,,,
148,02/19/11,22,,590,Brown,Sears,,D,C,As-is,07/10/13,,,,,
150,02/19/11,20,,559,Green,Hampton,Cruiser,C,B,As-is,07/10/13,,,,,
151,02/19/11,20,,630,Silver,Ross,Euro-tour,D,C,Scrap,04/04/11,,,,,
152,02/19/11,22,,590,Brown,Rollfast,Starlight,D,C,Scrap,04/04/11,,,,,
153,02/20/11,19,,559,Green,Giant,Iguana,C,D,,,,,,,
154,02/26/11,14,,,Yellow,Giant,Awesome,C,C,As-is,07/10/13,,Positive Spin?,,,
155,02/26/11,24,,622,Blue,Fuji,Team Fuji,A,B,,,,Triathlon Bar,,,
156,02/26/11,20,,590,Blue,Sears (Austria),,C,D,,,,Torpedo 3-Speed Coaster Hub,,,
157,02/26/11,21,,630,Blue,Schwinn,Continental,C,C,,,,,,,
158,02/26/11,18,,559,Gray,Mongoose,Sycamore,C,C,As-is,05/21/11,65,65,,,
159,02/26/11,18,,,Green,Schwinn,Varsity,C,C,Youth,07/11/13,,Positive Spin?,,,
160,02/26/11,19,,630,Red,Schwinn,Varsity,C,C,,,,,,,
162,02/26/11,0,,,Black,,,,,Youth,07/11/13,,Positive Spin?,,,
163,02/26/11,21,,559,Green,Schwinn,Mirada Sport,C,B,Fix for Sale,,107,Fix for Sale161 - 107,,,
164,02/26/11,20,,622,White,Trek,Multitrack 700,C,D,Fix for Sale,,95,Fix for Sale127 - 95,,,
165,02/26/11,0,,,Black,,,,,Youth,07/12/13,,Positive Spin?,,,
166,02/26/11,19,,590,Blue,Schwinn,Traveler,C,C,,,,,,,
167,02/26/11,19.5,,630,Yellow,Schwinn,Varsity,C,D,,,,,,,
168,02/26/11,18.5,,559,Gray,Norco,Scorcher,C,D,Buildathon,07/10/13,,,,,
169,02/26/11,20.25,,,Gray,Columbia,Bromleigh,C,B,,,,,,,
170,02/26/11,0,,,Black,,,,,Youth,07/12/13,,Positive Spin?,,,
171,02/26/11,0,,,Black,,,,,Youth,07/13/13,,Positive Spin?,,,
172,02/26/11,0,,,Black,,,,,Youth,07/13/13,,Positive Spin?,,,
179,03/13/11,19,,630,Red,Concord,Freedom Deluxe,,,,,,,,,
180,03/14/11,16,,559,Black,Schwinn,Crisscross,,,,,,,,,
181,03/13/11,19,,559,Gray,Specialized,Rockhopper,,,,,,,,,
182,06/30/11,,,,Red,Specialized,Hard Rock,,,,,,,,,
183,03/13/11,0,,630,Gray,Cierra,12 Speed Racing,,,Earn a Bike,,,, Coaster Brake,,
184,03/14/11,0,,,Blue,Free Spirit,,,,Scrap,04/04/11,,,,,
191,03/16/11,0,,,Black,Raleigh,Super Record,,,,,,,,,
192,03/17/11,11,,,Silver,GT,Dyno,,,,,,No seatpost or saddle,,,
193,03/17/11,0,,559,Gray,Gary Fisher,Mendota,,,,,,,,,
194,03/16/11,18,,559,Yellow,Nashbar,Terra SL,D,C,Fix for Sale,07/10/13,116,116,,,
195,03/16/11,20,,,Red,Falcon,Pathfinder,C,C,Fix for Sale,07/10/13,,Verify Fix for Sale Type & #,,,
196,03/16/11,20,,559,Silver,Columbia,Air Rider,D,C,Fix for Sale,07/10/13,76,76,,,
197,03/17/11,18,,559,Black,Diamondback,Outlook,C,D,Buildathon,07/10/13,,,,,
198,03/17/11,14,,,Purple,Mongoose,,D,C,,,,,,,
200,03/16/11,15,,559,White,Specialized,Hard Rock,C,C,Fix for Sale,06/18/11,,Fix for Sale,,,
201,03/17/11,18,,559,Black,Yosemite,Yakota,B,B,,,,,,,
202,03/17/11,18.5,,590,Brown,Schwinn,Collegiate,C,B,Scrap,04/04/11,,,,,
203,03/16/11,16,,559,Blue,Mongoose,Surge,,,,,,,,,
204,03/16/11,20,,630,Brown,Schwinn,Suburban,C,B,Fix for Sale,04/14/11,66,Sold 55 Cash,,,
205,03/19/11,19,,559,Green,Huffy,Blades,C,B,As-is,07/10/13,,,,,
206,03/27/11,21,,630,Red,Free Spirit,Pinnacle,C,D,Scrap,09/30/11,,,,,
207,03/21/11,0,,559,Purple,Pacific,Trail Blazer,C,C,As-is,07/10/13,,,,,
208,03/21/11,0,,590,Blue,Columbia,Prestige,C,C,Earn a Bike,09/08/11,,,,,
209,03/21/11,22,,590,Blue,Starlite,,B,C,As-is,07/10/13,,,,,
210,03/21/11,17,,,Red,Huffy,Good Vibrations,D,B,As-is,07/10/13,,,,,
211,03/21/11,20,,559,Blue,Huffy,Santa Fe,D,C,Buildathon,07/10/13,,Missing Rear Wheel,,,
212,03/21/11,23,,559,Black,Huffy,Thunder Ridge,D,F,Buildathon,07/10/13,,,,,
213,03/21/11,0,,622,Yellow,Cannondale,,A,D,Earn a Bike ,06/25/11,,,,,
214,02/19/11,17,,559,Purple,Trek,Mountain Track,B,C,Youth,07/16/11,,Verify sticker number,,,
215,02/19/11,15.5,,559,Gray,Jamis,Explorer 2.0,B,C,,,,Rack,,,
216,02/19/11,24,,630,Brown,Schwinn,Sprint,C,B,,,,Caroline reserved for Juan,,,
217,03/31/11,20,,622,White,Raleigh,Pioneer,B,C,,,,,,,
218,03/31/11,20.5,,622,White,Raleigh,Pioneer,B,C,,,,,,,
219,03/31/11,0,,630,White,Fuji,Special Road Racer,A,C,Earn a Bike,,,,,,
220,03/31/11,0,,,Brown,Open Road,Fitness Cycle,D,,Scrap,04/04/11,,Coaster brake,,,
220,03/31/11,0,,559,Blue,Mongoose,Spark,,,Scrap,07/16/11,,,,,
221,03/31/11,0,,,Red,Next,Power Climber,,,Youth,07/16/11,,,,,
222,03/27/11,20,,559,Green,Specialized,Stump Jumper,A,B,Fix for Sale,,167,167,,,
223,03/31/11,17,,559,Purple,Giant,Butte,,,Fix for Sale,06/04/11,,,,,
225,03/31/11,0,,,Green,Roadmaster,,,,As-is,04/23/11,,,,,
226,03/31/11,0,,,Yellow,Murray,Explorer,,,Buildathon,07/10/13,,,,,
228,03/31/11,0,,,Blue,Rhino,Outreach,,,As-is,07/10/13,,,,,
229,03/31/11,0,,,White,Polidor,Trekker Rider,,,Earn a Bike ,07/30/11,,,,,
230,03/31/11,0,,,Green,Murray,Monterey,,,Scrap,04/04/11,,,,,
231,03/31/11,0,,,Blue,,,,,As-is,07/10/13,,,,,
232,03/31/11,0,,,White,Huffy,White Rider,,,Buildathon,07/10/13,,,,,
233,03/31/11,0,,,Black,,,,,Buildathon,07/10/13,,,,,
234,03/31/11,0,,,Silver,Vertical,X69000,,,,,,,,,
235,03/31/11,0,,,Green,Magna,Northern Ridge,,,Buildathon,07/10/13,,,,,
236,03/31/11,0,,,Blue,Huffy,Tempas,,,Youth,07/14/13,,Positive Spin. Brian to take home,,,
238,03/31/11,0,,,Purple,Murray,Backtrack,,,Youth,07/14/13,,Positive Spin. Brian to take home,,,
239,03/31/11,0,,,Orange,MGX,S20,,,Youth,07/15/13,,Positive Spin. Brian to take home,,,
240,03/31/11,0,,,Green,Diamondback,Outlook,,,,,,,,,
241,03/31/11,17,21,559,Blue,Schwinn,,B,A,,,,,,,
242,03/31/11,0,,,Black,Schwinn,LeTour,,,,,,,,,
243,03/31/11,0,,,Green,Huffy,Manitoba,,,Scrap,05/16/11,,Possibly tagged positive spin?,,,
244,,,,,Black,,,,,As-is,07/10/13,,,,,
245,,,,,Red,Huffy,Tempas,,,,,,,,,
246,,,,,Purple,Huffy,Santa Fe,,,As-is,07/10/13,20,,,,
247,,,,,Blue,Trek,820,,,,,,,,,
248,,,,,Red,Specialized,Hard Rock,,,,,,,,,
249,,,,,Gray,,,,,As-is,05/23/11,,Volunteer Hours,,,
250,,,,,Red,Rhino,Rebound,,,Buildathon,07/10/13,,,,,
251,,,,,Blue,Magna,Oasis,,,,,,,,,
252,,,,,Yellow,Huffy,Howler,,,Buildathon,07/10/13,,,,,
253,,,,,Blue,Magna,Oasis,,,Buildathon,07/10/13,,,,,
254,,,,559,Green,Raleigh,Serengen,,,,,,,,,
255,04/02/11,,,,Blue,Huffy,Junk,D,D,Buildathon,07/10/13,,,,,
256,04/02/11,,,,Black,Redline,9.2.5,,,,,,,,,
257,04/02/11,,,,Red,Diamondback,Outlook,,,,,,,,,
258,04/02/11,,,,Maroon,Trek,Singletrack,,,Earn a Bike,05/23/11,,,,,
259,04/02/11,,,630,Black,,,C,C,,,,,,,
260,04/02/11,,,,Yellow,Columbia,Sport 3,D,C,Scrap,04/04/11,,,,,
261,04/02/11,,,,Yellow,Columbia,,C,C,Scrap,04/04/11,,,,,
262,04/02/11,,,,Red,Huffy,Lakota,,,Buildathon,07/10/13,,,,,
263,04/02/11,,,,Pink,Huffy,Capri 10,D,,Scrap,04/04/11,,, FOR LESLIE POOL PARK FESTIVAL,,
264,04/02/11,,,,Yellow,Kent,Super 20,,,Buildathon,07/10/13,,,,,
265,,,,,Orange,Montgomery Ward,Hawthorn,D,,Scrap,04/04/11,,,,,
266,,,,,White,Free Spirit,Canyon Run,D,,Scrap,04/04/11,,,,,
267,,,,,Pink,Huffy,Capri 10,D,,Scrap,04/04/11,,, Cro-Mo,,
268,06/27/11,,,,Yellow,Univega,Rover Sport,C,B,Fix for Sale,09/22/11,,,,,
269,,,,,Green,GT,Palomar,C,D,,,,Keep,,,
270,,,,,Silver,GT,Robinson,B,C,,,,,,,
271,04/03/11,,,,Green,Nishiki,,,,Earn a Bike,,,Earn a Bike,,,
272,,,,,Gray,Huffy,Tantrum,,,Buildathon,07/10/13,,,,,
273,04/11/11,,,,Green,Trek,7000,,,Earn a Bike,05/14/11,,,,,
274,04/11/11,,,630,Gray,Peugeot,Iseran,B,B,Earn a Bike,05/05/11,,Found in shop/straight bars,,,
275,04/11/11,,,,Gray,Trek,700 Multitrack,A,B,,,,Needs headset work,,,
276,04/11/11,19,22,559,Red,,,B,B,,,,,,,
277,04/11/11,22,22,630,Gray,Peugeot,Road 12 speed,A,F,,,,Bent left chainstay,,,
278,04/11/11,22,23,559,Blue,Bianchi,Alante,B,B,,,,Needs F+R Brakes,,,
279,04/11/11,18,22,559,Blue,Ironman,MTB,C,B,,,,Brakes & Hub need work,,,
280,04/11/11,18,22,559,Green,Trek,Mountain Track,B,A,As-is,04/14/11,90,As-is 90 cash,,,
281,04/11/11,12,20,559,Blue,Roadmaster,Navigator,C,A,,,,Rear brake needs work,,,
282,04/11/11,10,21,559,Red,Schwinn,Mironda,B,A,As-is,04/14/11,55,As-is 55 cash,,,
283,04/11/11,,,,Blue,Fuji,Odessa,B,A,Fix for Sale,07/10/13,,New!,,,
284,04/11/11,16,21,559,Silver,Roadmaster,Mt Sport SX,C,B,,,,,,,
285,04/11/11,20,23,559,Pink,Specialized,Hard Rock,B,C,Fix for Sale,,137,Fix for Sale - 137,,,
287,04/11/11,,,,Blue,Scott,Mohaka,,,,,,,,,
288,04/14/11,,,,Black,MGX,DXR,,,Earn a Bike ,,,,,,
289,04/16/11,18,21,622,Red,Giant,Nutra,B,B,,,,,,,
290,04/16/11,21,22,622,Red,Giant,Nutra,B,B,,,,,,,
291,4/18/2011,25.25,24,630,Red,Schwinn,Varsity,C,B,Earn a Bike,05/12/11,,,,,
292,4/18/2011,27.25,24.75,630,Yellow,Schwinn,Continental,C,B,,,,,,,
293,4/18/2011,19.75,21,630,Blue,Free Spirit,FS12,C,C,,,,Earn a Bike,,,
294,4/22/2011,18,,622,Red,Schwinn,Sierra,A,A,Fix for Sale,05/21/11,,,,,
295,4/25/2011,,,559,Blue,Huffy,Cruiser,C,C,,,,,,,
296,06/30/11,,,,Green,Huffy,,,,Scrap,08/15/11,,,,,
297,4/28/2011,19,26,559,Blue,Schwinn,Aluminum Comp,C,C,As-is,05/21/11,50,Added used wheels; 50,,,
298,4/30/2011,18,22,559,Blue,Christoper Patrick,Stratos,A,A,Earn a Bike,,,,,,
299,4/30/2011,,,,Blue,Avigo,Wraith,C,B,,,,BMX,,,
300,5/1/2011,23,22.75,630,Silver,Schwinn,Voyager,B,B,Fix for Sale,,118,118,,,
301,05/05/11,,,559,Black,Iron Horse,AT50,C,C,,,,,,,
302,,,,,Black,Iron Horse,AT50,C,C,,,,,,,
303,05/05/11,,,559,Black,Trek,,,,Fix for Sale,06/04/11,,,,,
304,,,,,Black,Trek,,,,,,,,,,
305,05/05/11,,,559,Black,Trek,,,,Fix for Sale,05/21/11,,,,,
306,,,,,Black,Trek,,,,,,,,,,
307,05/05/11,,,630,Blue,Folks,,,,As-is,07/28/11,,,,,
308,05/05/11,,,630,Black,Schwinn,,,,,,,,,,
309,,,,,Blue,Schwinn,,,,,,,,,,
310,4/21/2011,17.5,22,559,Green,Pacific,Quasar,D,D,Scrap,07/16/11,,,,,
311,4/21/2011,22.5,24,622,Gray,,,C,D,,,,,,,
312,4/23/2011,,,,Gray,Schwinn,World Sport,C,C,,,,Big,,,
313,,,,,White,Schwinn,LeTour,C,C,,,,Missing rear wheel,,,
314,05/05/11,18,21,559,Blue,Peugeot,Urban Exps,A,A,Fix for Sale,,,,,,
315,05/05/11,18,21,559,Blue,Peugeot,Urban Exps,A,A,Fix for Sale,,,,,,
316,05/05/11,,,559,Blue,Schwinn,Frontier,B,B,,,,,,,
317,05/05/11,17.5,22,559,Blue,Roadmaster,Mtn Sport,C,B,,,,, rack, speedometer, generator & light
318,05/05/11,18,23,559,Blue,Bad Dog,Maddog,C,B,,,,,,,
319,05/05/11,18,23,559,Blue,Magna,Fugative,B,B,,,,,,,
320,05/05/11,17.5,22,630,Red,Schwinn,,C,B,,,,,,,
321,05/05/11,18,22,559,Red,Schwinn,World Sport,C,C,,,,,,,
321,05/05/11,18,22,559,Green,,,C,B,,,,,,,
322,05/05/11,19,21,559,Purple,Murray,Explorer,C,B,,,,,,,
323,05/05/11,18,22,559,Red,Trek,Antelope,D,D,,,,,,,
324,05/05/11,,,,Silver,Schwinn,Le Tour,,,Earn a Bike,05/26/11,,,,,
325,05/05/11,6,21,630,Silver,Fuji,Sports12,,,Earn a Bike,08/11/11,,,,,
326,05/04/11,14,21,559,Green,Raleigh,Althon,B,A,Earn a Bike,,,,,,
326,05/14/11,9,15,152,Blue,Wired,Kent,B,B,,,,,,,
327,05/14/11,11,13,203,Pink,Barbie,,B,B,,,,,,,
327,05/14/11,11,13,203,Red,,,B,B,,,,,,,
328,05/14/11,16.5,19,305,Green,,Nobly,,,As-is,07/10/13,,Volunteer Hours,,,
328,05/14/11,28,17,406,Blue,Magna,Dagger,C,C,,,,,,,
329,05/14/11,24,33.5,,White,Vanquer,,B,C,,,,,,,
330,05/16/11,,,,Pink,Murray,,,,As-is,08/13/11,,,,,
330,05/16/11,,,,Red,Schwinn,Mesa Runner,,,Fix for Sale,06/30/11,108,Fix for Sale 108,,,
332,05/16/11,,,,Black,Cannondale,SH400,,,As-is,05/16/11,,Volunteer Hours,,,
333,05/20/11,,,,Black,Montana,Sport,,,Youth,07/16/11,,,,,
334,05/16/11,,,,Maroon,Magna,Excitor,,,,,,,,,
335,05/20/11,,,,Purple,Rand,LaCrusin,,,Youth,07/16/11,,,,,
336,05/09/11,,,559,Black,Specialized,Sport Racing,B,C,,,,,,,
336,05/09/11,,,559,Blue,Quasar,,C,C,,,,,,,
337,05/07/11,16.5,21,559,Gray,Nishiki,Blazer,B,B,,,,,,,
338,05/09/11,,,559,Blue,Mongoose,,C,C,,,,,,,
339,05/09/11,,,,Black,Raleigh,Althon,C,C,As-is,07/10/13,,Volunteer Hours,,,
340,05/07/11,,,559,Purple,Diamondback,Outlook,,,,,,,,,
341,05/12/11,,,,White,Schwinn,High Plains,C,A,Fix for Sale,,,,,,
342,05/12/11,,,,Blue,Nishiki,,B,D,,,,,,,
343,05/07/11,,,559,Blue,Huffy,,,,,,,,,,
344,05/16/11,,,559,Black,Specialized,Rockhopper,,,As-is,09/01/11,,,,,
345,05/16/11,,,559,Black,Specialized,Hard Rock,,,Youth,07/16/11,,,,,
346,05/09/11,,,630,Blue,Raleigh,Grand Prix,B,D,,,,,,,
347,05/16/11,,,559,Black,Roadmaster,,,,,,,,,,
348,05/16/11,,,507,Blue,Specialized,Hard Rock,,,Youth,07/16/11,,,,,
349,05/09/11,,,559,Black,Raleigh,Venture,B,B,,,,,,,
350,05/16/11,,,,Red,Schwinn,Sprint,,,,,,,,,
351,05/16/11,,,,Red,Specialized,Crossroads,,,,,,,,,
352,05/16/11,,,,Yellow,LBC,Imagine,,,Youth,07/16/11,,,,,
353,05/16/11,,,,Red,Schwinn,Varsity,,,,,,,,,
354,05/20/11,,,,Red,Magna,Road Impressions,,,Youth,07/16/11,,,,,
355,05/20/11,,,622,Blue,Ross,Chinera,B,A,Fix for Sale,05/21/11,115,Sold 115,,,
356,05/21/11,19,23,,Black,Diamondback,,C,C,Scrap,08/01/11,,,,,
357,05/21/11,17.5,23,559,Gray,Raleigh,MSO,C,C,As-is,07/10/13,,Volunteer Hours,,,
358,05/21/11,23.25,24,559,Yellow,Mongoose,IBOC,B,C,,,,,,,
359,05/22/11,,,559,Yellow,,,B,C,Fix for Sale,09/03/11,,,,,
360,05/22/11,,,559,Blue,Pacific,Solitude,C,B,Fix for Sale,,,,,,
362,05/22/11,,,559,Black,Schwinn,Traveler,B,B,Fix for Sale,,,,,,
363,05/20/11,4,9,,Blue,Thomas and Friends,,B,A,Earn a Bike,06/05/11,,,,,
364,05/22/11,,,559,Black,Trek,Tantrum,A,C,Fix for Sale,06/11/11,,Sold,,,
365,05/22/11,,,559,Silver,Raleigh,M50,A,C,,,,,,,
366,05/23/11,,,559,Black,Nirve,Classic,A,A,,,,,,,
367,05/23/11,,,559,Black,Gary Fisher,Marlin,A,C,As-is,05/23/11,,,,,
368,05/23/11,,,559,Black,Trek,Mtn Track 800,B,C,,,,,,,
369,05/26/11,,,559,Yellow,Diamondback,Sorrento,B,D,Fix for Sale,07/16/11,,,,,
370,05/26/11,,,559,Red,Giant,,B,D,,,,,,,
371,05/26/11,,,,Black,Free Agent,,,,As-is,05/26/11,40,Volunteer Hours-5,,,
372,05/26/11,,,,Black,,,,,As-is,05/26/11,,Volunteer Hours,,,
373,05/29/11,17.5,22,406,Blue,Huffy,Tundra,C,D,Youth,07/28/11,,,,,
374,05/28/11,18,23,507,Blue,,,D,D,Youth,07/28/11,,,,,
375,05/28/11,24,24,559,Blue,Columbia,Formula 10,A,A,Earn a Bike,08/27/11,,,,,
376,05/28/11,17.5,17,,Blue,Next,,C,C,,,,,,,
377,05/28/11,9,11,,Blue,Paragon,Techno,C,D,,,,,,,
379,05/28/11,24,20,507,Black,Huffy,314,C,C,,,,,,,
380,05/28/11,,,559,Black,Schwinn,High Sierra,B,B,Fix for Sale,07/02/11,124,Fix for Sale 124,,,
381,05/30/11,,,,Purple,Huffy,Sioux Falls,C,C,Youth,07/16/11,,,,,
382,06/04/11,21,23,,Red,Schwinn,,C,D,,,,,,,
383,06/04/11,26,22,,White,Schwinn,Le Tour,D,D,,,,,,,
384,06/04/11,19,23,,White,Murray,Hot Spring,B,C,,,,,,,
385,06/04/11,20,22,,Pink,AMF,Voyager,C,D,,,,,,,
387,06/04/11,19,23,,Red,Goffa,10 Speed,C,D,,,,,,,
388,06/04/11,20,22,,Blue,Select 12,Freedom 12,D,D,,,,,,,
389,06/04/11,22,22,,Blue,Huffy,Cranbrook,A,B,Scrap,09/12/11,,,,,
390,06/04/11,20,23,,Blue,Diamondback,Outlook,C,D,,,,,,,
391,06/04/11,16,22,,Black,Trek,Antelope,B,C,,,,,,,
392,06/04/11,18,20,,Black,Huffy,,B,A,,,,,,,
393,06/04/11,17,22,,Blue,Murray,Sabre,A,A,As-is,06/18/11,20,Cash 20,,,
394,06/04/11,13,16,,Black,,,C,C,,,,,,,
395,06/04/11,19,22,,Black,Huffy,Stalker,A,A,,,,,,,
396,06/04/11,17,20,,Black,,,B,B,,,,,,,
397,06/04/11,16,17,,Pink,Trek,Zig Zag,B,A,,,,,,,
398,06/04/11,,22,,Blue,,,C,D,,,,,,,
399,06/04/11,18,22,,Blue,Huffy,Surfside,B,B,Scrap,08/29/11,,,,,
400,06/04/11,15,14,,Black,Murray,,B,A,,,,,,,
401,06/04/11,15,19,,Purple,Rally,PretyLady,B,B,,,,,,,
402,06/04/11,11,18,,Red,Next,WipeOut,B,A,,,,,,,
403,06/20/11,21,21,,Black,Huffy,,,,,,,,,,
404,06/27/11,,,,Blue,,,,,Scrap,10/08/11,,,,,
405,06/04/11,17,21,,Silver,Huffy,,D,D,,,,,,,
406,06/04/11,19,24,,Red,,AMF,C,B,,,,,,,
407,06/04/11,22,23,,Blue,Peugeot,,B,B,Earn a Bike,,,,,,
409,06/06/11,22,21,,Gray,Lite Speed,Obed,C,C,,,,,,,
410,06/06/11,17,22,,Purple,Raleigh,M20,B,C,Fix for Sale,10/12/11,80,80,,,
411,06/06/11,15,22,,Red,Schwinn,Soultion,A,B,,,,,,,
412,06/06/11,16,22,,Red,Kent,Grand,,,,,,,,,
413,06/06/11,17,21,,Purple,GT,Talore,,,,,,,,,
414,06/06/11,19,21,,Orange,,,,,,,,, light,,
415,06/06/11,24,21,,Blue,Giant,Boundors,,,,,,,,,
416,06/08/11,18,21,,Blue,Huffy,Sential,B,B,,,,,,,
417,06/06/11,18,22,,Blue,Mural,Phonix,,,,,,,,,
418,06/06/11,11,22,,Red,,Regutte,,,Earn a Bike,06/11/11,,,,,
419,06/06/11,22,22,,Yellow,Next,Shock,,,Scrap,10/08/11,,,,,
420,06/06/11,28,22,,Blue,Diamondback,Outlook,,,,,,,,,
421,06/06/11,23,22,,Gray,Giant,Boulder,,,,,,,,,
422,06/08/11,19,,559,Black,Specialized,Rockhopper,F,,Earn a Bike,,,,,,
423,06/07/11,,,,Black,,,,,Earn a Bike,,,,,,
424,03/11/11,23,22.5,630,Maroon,Raleigh,Olympian,A,F,,,,Frame,,,
425,06/11/11,21,23.5,559,Black,Giant,ATX-840,B,A,Fix for Sale,,,,,,
425,06/11/11,18,22,622,Blue,Specialized,Crossroads,B,F,,,,Frame,,,
426,06/20/11,21,21,590,Red,Free Spirit,Sunbird,,,,,,,,,
427,07/11/11,15,20.5,,Blue,Murray,Ultra Terrain Extreme,B,F,,,,,,,
428,06/20/11,19,22,559,Green,Nishiki,Pablo,,,,,,,,,
429,06/20/11,19,16,559,Gray,Raleigh,FS Mountain 6061,,,,,,,,,
430,06/20/11,22,23,,Red,Schwinn,Varsity,,,,,,,,,
431,06/20/11,23.75,23,630,Brown,Raleigh,,C,C,Earn a Bike,,,,,,
432,06/20/11,23,22,630,Brown,,,B,F,,,,Frame,,,
434,06/20/11,20,22,559,Black,Diamondback,Outlook,A,F,,,,,,,
436,06/20/11,23,22,630,Red,Puch,Odyssey,B,F,,,,Frame,,,
437,06/20/11,,,,Blue,Kent,Co-pilot,C,C,,,,Tag-along,,,
438,06/20/11,18,22,559,White,Trek,7000,A,F,Earn a Bike,07/14/11,,,,,
439,06/27/11,,,,Blue,Specialized,Hard Rock,,,Earn a Bike,,,,,,
440,06/23/11,23,22.75,,Blue,Dawes,Atlantic,B,B,Fix for Sale,,,check tires and tubes,,,
440,06/23/11,22,21,,Silver,made in Japan,,,,,,,Frame,,,
442,06/26/11,21,22,,White,Specialized,Rock Hopper,A,C,As-is,06/31/2011,,,,,
443,06/27/11,,,,Red,Huffy,,,,,,,,,,
443,06/27/11,,,,Black,Specialized,,,,,,,,,,
444,06/27/11,,,,Purple,Schwinn,Sprint,,,,,,,,,
445,06/27/11,,,,Tan,Free Spirit,Iron Mountain,,,,,,,,,
446,06/27/11,,,,Blue,Diamondback,Outlook,,,Earn a Bike,08/18/11,,,,,
447,07/07/11,,,,Black,Trek,MT60,B,B,Fix for Sale,,,DO NOT SELL,,,
450,07/02/11,,,,Orange,Schwinn,,,,Earn a Bike,08/24/11,,TMS raffle prize,,,
451,06/13/11,17.5,20.5,,Blue,Trek,Mountain Track,A,D,,,,, Crate,,
452,06/13/11,21,21,,Blue,Schwinn,,,,,,,,,,
453,06/13/11,10,16,,Pink,Specialized,Hard Rock,C,B,,,,,,,
454,06/13/11,20,22,,Red,Nishiki,Colorado,B,C,Earn a Bike,08/04/11,,,,,
457,06/13/11,21,21,,Green,Peugeot,,C,F,Earn a Bike,,,Earn a Bike abandoned,,,
458,06/13/11,21,21,,White,Free Spirit,,B,B,,,,,,,
459,06/15/11,17,21,,Black,,,B,B,Earn a Bike,06/15/11,,Earn a Bike,,,
460,06/13/11,22.5,23,,Blue,Schwinn,Ranger,B,B,,,,,,,
461,06/13/11,17,21,,black,Schwinn,Ranger,A,B,As-is,08/11/11,,,,,
462,06/13/11,19.5,20,,Pink,Miyata,,B,D,,,,,,,
463,06/13/11,22,22,,Maroon,Schwinn,Traveler,B,C,,,,,,,
464,06/13/11,22,25,,Red,Nishiki,Meridian,B,C,As-is,07/10/13,,,,,
465,06/13/11,17,21,,Green,,,C,F,,,,,,,
466,06/13/11,18,20,,Maroon,Quest,,B,F,,,,,,,
467,06/13/11,13,19,406,Black,Giant,,C,D,,,,,,,
468,06/13/11,18,21,,Blue,Magna,Glacier Point,C,B,,,,True Spin,,,
469,06/20/11,20,20,,Blue,Magna,Glacier Point,,,,,,,,,
470,06/13/11,20,22,,Green,Huffy,Blades,C,D,Scrap,08/29/11,,,,,
471,06/13/11,,,,Green,Explorer,Free Spirit,C,D,,,,,,,
472,06/20/11,21,19,,Green,Free Spirit,Explorer,,,,,,,,,
473,07/02/11,,,,Silver,,,,,,,,,,,
474,06/11/11,20.5,,,Blue,Gary Fisher,Cobra,B,B,,,,Frame,,,
476,06/17/11,20,22,559,Gray,Gary Fisher,Advance,A,C,Youth,07/16/11,,Frame,,,
477,06/20/11,21,21,,Black,Gary Fisher,Advance,,,,,,,,,
478,06/18/11,14.5,18.5,507,Green,Diamondback,Octane24,B,A,,,,,,,
479,06/18/11,18,21,,Red,Schwinn,S40 DSX,A,C,Earn a Bike,,,,,,
480,06/18/11,19,21.5,,Green,Diamondback,Outlook,B,C,,,,,,,
481,06/18/11,17.5,20.5,,Purple,Magna,Zanzibar,C,B,,,,,,,
482,06/18/11,21,23,,Yellow,Giant,Iguana,B,F,Fix for Sale,,,,,,
483,06/18/11,17.5,22,,Blue,Raleigh,M50,B,C,As-is,07/02/11,60,As-is 60,,,
484,06/20/11,26,23,,Blue,Schwinn,Continental II,,,,,,,,,
485,06/20/11,21,20,,Maroon,Kent,Nottingham,,,,,,,,,
486,06/20/11,21,23,,Blue,SR,Grand Touring,,,As-is,07/16/11,,,,,
487,07/02/11,19,21,630,Blue,Nishiki,Olympic 12,A,A,Earn a Bike,07/14/11,,,,,
488,07/07/11,11,20,,Black,Trek,Mountain Track,B,C,,,,,,,
489,07/07/11,5,21.5,559,Black,Sears,,B,A,Scrap,10/12/11,,,,,
490,07/07/11,9,20,630,Purple,Puch,Pathfinder,A,B,,,,,,,
491,07/07/11,18.5,20,,Orange,,,B,C,,,,,,,
492,07/07/11,13,20,,Silver,Schwinn,MOAB,A,C,,,,,,,
493,07/07/11,19,21,559,Gold,Hercules,,B,B,As-is,07/16/11,,,,,
494,07/07/11,13,16,,Silver,Magna,Excitor,A,C,,,,,,,
495,07/07/11,13,20,,Blue,Schwinn,Sierra,A,C,,,,,,,
496,07/07/11,6,20.5,630,Red,Schwinn,,A,A,,,,,,,
496,07/07/11,18,20,,Silver,,,A,C,,,,,,,
497,07/07/11,13,20.5,559,Green,Quest,Crestwood,A,A,Scrap,08/29/11,,,,,
498,07/07/11,19,21,559,Orante,JC PENNY,,A,A,,,,,,,
498,07/07/11,19,21,,Blue,Ross,,A,C,,,,,,,
499,07/07/11,8,19.5,,Pink,Schwinn,Caliente,A,C,Scrap,09/12/11,,,,,
500,07/07/11,6,20.5,559,Blue,Schwinn,,B,B,,,,,,,
501,07/07/11,12.5,20,,Red,Nishiki,Bravo,A,A,,,,,,,
501,07/07/11,7,19,507,Blue,Huffy,Tundra,A,A,,,,,,,
502,07/07/11,12.5,21.5,559,Black,Pacific,Quasar,A,A,Youth,07/28/11,,,,,
503,07/07/11,16,22,559,Silver,Schwinn,SIERRA,A,A,,,,,,,
504,08/20/11,,,,Blue,Schwinn,,,,As-is,08/20/11,,,,,
505,07/07/11,7.5,18,507,Pink,Huffy,Terrazone,A,B,Scrap,07/11/2013,,,,,
506,07/07/11,5,21,,Blue,Huffy,Ultima,A,C,Scrap,08/01/11,,,,,
507,07/07/11,20,21,,Black,,,A,C,As-is,08/25/11,,,,,
508,07/09/11,,,,Green,Schwinn,Super Sport,B,C,As-is,08/18/11,,,,,
509,07/09/11,,,,Yellow,,,,,Earn a Bike,07/21/11,,,,,
510,07/11/11,,,,Pink,Specialized,Hard Rock,,,As-is,07/28/11,,,,,
511,07/11/11,,,,Black,Trek,Antelope,,,,,,,,,
512,07/11/11,,,,Blue,Mongoose,MOTIVATOR,,,,,,,,,
513,07/11/11,16,21,559,Blue,Specialized,Hard Rock,A,A,,,,,,,
514,07/11/11,13,21,559,Red,Gary Fisher,Genesis,A,C,,,,,,,
515,07/09/11,54CM,59CM,,Blue,Panasonic,Sport 501,A,A,As-is,09/08/11,,,,,
516,07/09/11,57CM,57CM,,Yellow,Fuji,,A,A,Earn a Bike,2011,,,,,
517,07/11/11,14,21,,Blue,Giant,SEDONA,B,F,,,,,,,
518,07/11/11,7.5,19.5,559,Green,Nishiki,Blazer,A,A,Youth,07/28/11,,,,,
519,07/11/11,19,20.5,,Silver,Schwinn,Varsity,A,F,As-is,08/06/11,,,,,
520,,,,,Black,,,,,,,,,,,
521,07/11/11,23,23,,Silver,Schwinn,Free Spirit,,,,,,,,,
522,,,,,Black,,,,,,,,,,,
523,07/11/11,16.5,21,559,Red,Murray,,C,C,,,,,,,
524,,,,,Black,,,,,,,,,,,
525,07/11/11,20,21,630,White,AMERICAN,,B,B,Earn a Bike,08/13/11,,, bent fork,,
526,07/11/11,16,20,559,Blue,Free Spirit,Tourney,B,B,,,,,,,
527,07/11/11,7,25,406,White,,BMX BIKE,B,B,,,,,,,
528,,,,,Black,Gary Fisher,Aquila,A,B,Earn a Bike,07/14/11,,Leslie Park Pool Event,,,
529,07/14/11,18,21,,Blue,Diamondback,Ascent,C,F,,,,,,,
530,07/14/11,23,23,,Blue,Schwinn,Sierra,B,F,,,,,,,
530,07/14/11,17,20,,Blue,Panasonic,Sport 300,C,F,,,,,,,
531,As-is,21,21,,Brown,Concord,Deluxe,C,F,,,,,,,
532,,,,,Black,Schwinn,,C,B,As-is,07/16/11,,,,,
533,07/14/11,13,18.5,,Blue,,,B,F,,,,,,,
534,07/14/11,17,19,,Red,Giant,Nutra,B,F,,,,,,,
535,07/14/11,16,21,559,Red,Honda,Trail Pilot,A,A,Youth,07/28/11,,,,,
536,07/14/11,10,18.5,559,Blue,Schwinn,Frontier,A,A,Youth,07/28/11,,,,,
537,07/14/11,15.5,20,559,Green,FS Elite,Grand Teton,A,B,As-is,07/28/11,,,,,
538,07/14/11,,,630,Blue,Trek,7000,,B,As-is,07/14/11,,,,,
539,07/16/11,23.5,23.5,622,Blue,Mongoose,Crossway 450,A,A,As-is,08/18/11,,,,,
540,07/16/11,,,,Blue,Giant,chinook,,,,,,,,,
541,07/18/11,12,17,406,Orange,Next,Shock,,,As-is,08/11/11,,,,,
542,07/18/11,12,18,406,Blue,Raleigh,Quadrangle,,,,,,,,,
543,07/18/11,11,16,406,Purple,Pacific,Synergy,,,,,,,,,
544,07/18/11,22,33,406,Blue,Mongoose,,,,,,,,,,
545,07/18/11,24,24,630,Brown,Stella,,,,,,,,,,
546,07/18/11,8,14,305,Black,Arctic Avenger,Robin ,,,,,,,,,
547,07/18/11,9,21,559,Blue,Schwinn,Traveler III,,,,,,,,,
548,07/18/11,12,13,406,Blue,Schwinn,Starlet,,,,,,,,,
549,07/18/11,6,10,203,Red,Huffy,rock it ,,,,,,,,,
550,07/18/11,11,18,406,Blue,Pacific,,,,Scrap,08/08/11,,,,,
551,07/18/11,14,21,305,Red,,Sky Ray,,,Scrap,08/15/11,,,,,
552,07/18/11,12,16,305,Black,,,,,,,,,,,
553,07/18/11,16,21,559,Red,KHS,FXT Sport,,,,,,,,,
554,07/18/11,18,20,559,Yellow,,,,,,,,,,,
559,07/18/11,10,6,305,Pink,Huffy,,,,,,,,,,
560,07/18/11,15,21,507,Blue,GT,Terra ,,,,,,,,,
561,07/21/11,16,20,406,White,Raleigh,Mountain's Point,,,,,,,,,
562,07/23/11,,,305,Blue,Sea Star,,A,A,,,,,,,
563,07/23/11,17,24,406,Purple,Raleigh,Mt. Peak,B,B,,,,,,,
564,07/23/11,11,18,305,Red,Magna,Ripclaw,,,,,,,,,
565,07/23/11,,,,Black,,Jr Antenator,,A,,,,,,,
566,07/23/11,16,20,406,Silver,Quest,,C,B,Scrap,09/12/11,,,,,
567,07/23/11,16,18,507,Black,schwinn,Caliente,C,C,,,,,,,
568,07/23/11,,,203,Blue,Trek,mountain cub,,B,,,,,,,
691,07/23/11,9,14,,Red,Italtrik,,C,C,Scrap,09/12/09,,,,,
692,07/25/11,22,22,630,Brown,Ross,Professional,A,A,,,,,,,
693,07/23/11,,,305,Blue,Mongoose,AC2000/child lachon,,,,,,,,,
694,07/18/11,,,,Tan,Diamondback,Octane ,,,,,,,,,
695,07/18/11,,,,Black,Huffy,,,,,,,,,,
696,07/18/11,,,,Blue,Roadmaster,Elevation,,,,,,,,,
697,07/18/11,,,,Silver,Quasar,Raptor,,,Scrap,08/29/11,,,,,
698,07/18/11,,,,Black,Giant,,,,As-is,08/05/11,,,,,
699,08/02/11,,,559,Maroon,Schwinn,Maximizer,,,,,,,,,
700,07/18/11,,,,Maroon,Schwinn,Maximizer,,,As-is,07/28/11,,,,,
701,07/18/11,,,,Purple,Bikeline,M2400,,,As-is,07/28/11,,,,,
702,,,,630,Blue,Puch,Classic,,,,,,,,,
703,07/23/11,8,18,406,Gray,Pacific,S2II,B,B,,,,,,,
704,07/23/11,22,22.5,507,Blue,Alpine,,,,,,,,,,
705,07/23/11,15,21.5,,Blue,Raleigh,,A,A,,,,,,,
706,07/23/11,26,28,,Red,Schwinn,mirada,A,B,,,,,,,
707,07/23/11,16.5,21.5,559,Gray,Raleigh,Venture,B,C,,,,,,,
708,07/23/11,20.5,22.5,559,White,Trek,Antelope,,,As-is,08/18/11,,,,,
709,07/23/11,20.5,21.5,559,Blue,Diamondback,,B,C,,,,,,,
710,07/25/11,18,20,559,White,Kent,Diplomat,B,A,,,,,,,
711,07/25/11,19,21,,Gold,Motobecane,,C,F,Scrap,09/02/11,,,,,
712,07/25/11,13,20,507,Red,Huffy,Stone Mountain,A,A,As-is,09/08/11,,,,,
713,07/25/11,19,22,559,Yellow,True Temper,,B,A,Earn a Bike,08/06/11,,Goldilocks is awesome!,,,
714,07/28/11,16,22,630,Red,Mongoose,Cambridge,b,,,,,,,,
715,07/28/11,17.5,22,406,Silver,Royce Union,,C,D,,,,,,,
716,07/28/11,19,22,630,Silver,Schwinn,Varsity,B,d,,,,,,,
717,07/28/11,21.5,22.5,559,Green,Huffy,Rock Trail,B,C,Scrap,08/29/11,,,,,
718,07/28/11,18.5,26.5,507,Black,Murray,Nightwing,B,C,,,,,,,
719,07/28/11,15,20,507,Blue,MGX,DXR,A,C,,,,,,,
720,07/28/11,19,22,559,Silver,Trek,,B,B,,,,,,,
721,07/28/11,11,20,406,Black,,,B,B,,,,,,,
722,08/01/11,,,,Black,GT,Saddleback,,,Scrap,08/01/11,,,,,
723,08/01/11,,,,Black,Trek,820,,,Scrap,08/01/11,,,,,
724,,20,21,559,Blue,Diamondback,Outlook,,,,,,,,,
725,,,,,Yellow,Trek,Antelope,,,As-is,08/11/11,,,,,
726,08/01/11,19,22,559,Blue,Mongoose,Hilltopper,B,B,Earn a Bike,08/27/11,,,,,
726,07/25/11,,,,Blue,Gary Fisher,Capitola,,,,,,,,,
727,08/01/11,15,21,559,Silver,Trek,830,B,B,Earn a Bike,08/27/11,,,,,
728,08/01/11,18,22,559,Red,Roadmaster,Mountain Pass,B,B,As-is,08/25/11,,,,,
729,08/01/11,13,20,559,Silver,Univega,303-Rover,B,B,As-is,08/04/11,,,,,
730,08/01/11,18,21,559,Blue,Huffy,Blades,C,B,As-is,08/25/11,,,,,
731,08/08/11,18,21,559,Green,Diamondback,Outlook,B,B,,,,,,,
732,08/01/11,,,,Black,GT,Outpost,,,Scrap,08/01/11,,,,,
733,08/01/11,,,,Black,,,,,Scrap,08/01/11,,,,,
734,08/01/11,17,21.5,559,Yellow,Mongoose,SX43,B,C,,,,,,,
735,08/04/11,17,20,507,Green,Huffy,,C,A,,,,,,,
737,08/08/04,20,22,622,Black,GT,Vantura,B,B,As-is,09/02/11,,,,,
738,08/04/11,21.5,22.5,559,Red,HuffY,Durasport,C,C,,,,,,,
739,08/04/11,21,22,559,Red,Diamondback,Sorrento,B,A,,,,,,,
740,08/04/11,17.5,20,507,Purple,Raleigh,Coyote Pass,C,C,,,,,,,
741,08/04/11,15,19.5,507,Silver,Pacific,Blaze,D,C,,,,,,,
742,08/04/11,19,22,559,Blue,Huffy,Helios,C,B,Scrap,08/29/11,,,,,
743,08/04/11,17,20,507,Purple,Huffy,Leading Edge,C,B,,,,,,,
744,08/04/11,23,22,559,Gray,Columbia,,,,,,,,,,
745,08/04/11,18,22,559,Red,Roadmaster,,,,Scrap,08/29/11,,,,,
746,08/04/11,18,20,559,Blue,Roadmaster,Mt. Sport,,,,,,,,,
747,08/04/11,19,24,559,Silver,Huffy,,,,,,,,,,
748,08/08/11,20,21,,Red,Mongoose,Switchback,,,,,,,,,
749,08/08/11,22,21,630,Blue,Schwinn,World Tourist,,,,,,,,,
750,08/08/11,18,22,559,Blue,Nishiki,Arroyo,,,Fix for Sale,09/08/11,,,,,
751,08/08/11,15,19,,Red,Giant,Rincon,,,,,,,,,
752,08/08/11,16,21,,Black,,,,,,,,,,,
753,08/08/11,17,21,559,Blue,Schwinn,Frontier,,,,,,,,,
754,06/15/11,,,,Silver,Western Flyer,,,,,,,,,,
755,08/08/11,25.25,22,630,Red,Schwinn,Sports Tourer,,,Earn a Bike,09/22/11,64,64,,,
756,08/08/11,18,20.5,559,Blue,Univega,Rover,,,As-is,08/13/11,,,,,
757,08/08/11,19,21,559,Black,Nishiki,,,,,,,,,,
758,07/25/11,23,22.5,,Maroon,Raleigh,Olympian,,,Earn a Bike,08/13/11,,,,,
759,08/08/11,21,23,,Green,,,A,F,,,,,,,
760,08/10/11,,,,Red,Kend,RT-16,,,,,,,,,
761,08/10/11,,,,Gray,Schwinn,World Sport,,,Earn a Bike,08/27/11,,,,,
762,08/10/11,,,,Blue,Magna,Shale 1010,,,,,,,,,
763,08/10/11,,,,Gray,Huffy,Alumina 8250,,,Scrap,08/15/11,,,,,
764,08/10/11,,,,Maroon,Open Road,Position,,,Scrap,08/29/11,,,,,
765,08/10/11,,,,Blue,Schwinn,World ,,,As-is,10/08/11,40,40,,,
766,08/13/11,,,,Black,Pacific,Crush Freestyle,,,Scrap,09/12/11,,,,,
767,08/13/11,,,,Blue,Huffy,Maxx,,,,,,,,,
768,08/13/11,,,,Black,VFX,Dyho,,,As-is,08/13/11,,,,,
769,08/13/11,,,,Green,Diamondback,Outlook,,,As-is,08/13/11,,,,,
770,08/12/11,,,,Blue,Nishiki,,,,,,,,,,
771,08/12/11,,,,Red,Trek,220 Mountaineer,,,,,,,,,
772,08/13/11,,,,Purple,Pacific,,,,As-is,08/20/11,,,,,
773,08/13/11,,,,Yellow,Huffy,Storm Mountain,,,,,,,,,
774,08/12/11,,,,Blue,Maui and Sons,,,,Scrap,10/18/11,,,,,
775,08/12/11,,,,Green,Murray,Ultra Terrain ,,,Scrap,08/29/11,,,,,
776,08/13/11,,,,Red,Magna,Dagger,,,Scrap,08/15/11,,,,,
777,08/12/11,,,,Green,Pacific,Venom,,,,,,,,,
778,08/12/11,,,,Purple,Roadmaster,Sport,,,As-is,08/15/11,,,,,
779,08/13/11,,,,Red,Gary Fisher,Mr. Suinner,,,,,,,,,
780,08/12/11,,,,Blue,Murray,Whiplash,,,Scrap,08/29/11,,,,,
781,08/13/11,,,,Red,Next,Flat Spin,,,As-is,08/25/11,,,,,
782,08/12/11,,,,Purple,Magna,Zip Drive,,,As-is,08/20/11,,,,,
783,08/13/11,,,,Blue,Magna,Mud Shark,,,,,,,,,
784,08/20/11,,,,Purple,Pacific,Electra,,,As-is,08/20/11,,,,,
785,08/29/11,,,,Black,Huffy,,,,Scrap,08/29/11,,,,,
786,08/22/11,17”,20.25”,507,Blue,Magna,Great Divide DH1 ,B,C,,,,,,,
787,08/13/11,,,,Blue,Next,Power Climber,,,Scrap,10/08/11,,,,,
788,08/13/11,,,,Red,Murray,Country Road,,,,,,,,,
789,08/13/11,,,,Blue,Next,Elevation,,,Scrap,08/15/11,,,,,
790,08/13/11,,,,Blue,Next,Elevation,,,Scrap,08/15/11,,,,,
791,08/13/11,,,,Yellow,Huffy,Uproar,,,Scrap,09/12/11,,,,,
792,08/13/11,,,,Gray,Marin,MBX50,,,Scrap,09/12/11,,,,,
793,08/13/11,,,,Blue,Murray,Dazzle,,,,,,,,,
794,08/13/11,,,,Red,Diamondback,Mini Viper,,,,,,,,,
795,08/13/11,,,,Blue,Magna,Road Warrior,,,Scrap,09/12/11,,,,,
796,08/12/11,,,,Red,Gary Fisher,Minnosarhs,,,,,,,,,
797,08/13/11,,,,Red,AmTryke,,,,,,,,,,
798,08/12/11,,,,Pink,Huffy,Disney Princess,,,Scrap,09/12/11,,,,,
799,08/12/11,,,,Yellow,Tonka,First Gear,,,,,,,,,
800,08/12/11,,,,Blue,Micargi,Dragon,,,,,,,,,
801,08/13/11,,,,Red,Murray,Milestone,,,,,,,,,
802,08/12/11,,,,Gray,Huffy,,,,,,,,,,
803,08/12/11,,,,Purple,Magna,High Fashion,,,,,,,,,
804,08/13/11,,,,Pink,Huffy,Heartbeat,,,,,,,,,
805,08/13/11,,,,Red,,Curb Cruiser,,,,,,,,,
806,08/13/11,,,,Blue,Diamondback,Sorrento,,,,,,,,,
807,08/13/11,,,,Gray,Soma,Generation,,,Earn a Bike ,,,,,,
808,08/13/11,,,,Red,Schwinn,Gremlin,,,,,,,,,
809,08/13/11,,,,Blue,Diego,To the Rescue,,,,,,,,,
810,08/13/11,,,,Purple,Quest ,,,,,,,,,,
811,08/13/11,,,,Purple,Murray,Malibu,,,Scrap,08/19/11,,,,,
812,08/13/11,,,,Purple,Trek,Mountain Track,,,,,,,,,
814,08/13/11,,,,Orange,Schwinn,Continental,,,As-is,08/13/11,,,,,
815,08/13/11,,,,Brown,Raleigh,,,,,,,,,,
817,08/13/11,,,,Red,Roadtech,RTI Racer,,,,,,,,,
818,08/13/11,,,,Purple,Murray,Explorer,,,Scrap,08/15/11,,,,,
818,08/13/11,,,,Silver,X-Games,Vacter,,,,,,,,,
819,08/13/11,,,,Purple,Murray,Explorer,,,Scrap,08/15/11,,,,,
820,08/13/11,,,,Black,Trek,Antelope,,,,,,,,,
821,08/13/11,,,,Gray,Gary Fisher,Advantage,,,As-is,09/08/11,,,,,
822,08/13/11,,,,Blue,Magna,Dagger,,,Scrap,08/15/11,,,,,
823,08/13/11,,,,White,Viscount,,,,,,,,,,
825,08/13/11,,,,Blue,Schwinn,Le Tour,,,,,,,,,
826,08/13/11,,,,Blue,Schwinn,,,,Scrap,08/15/11,,,,,
827,08/13/11,,,,Blue,Schwinn,,,,,,,,,,
828,08/15/11,21,23,630,Red,Free Spirit,FRee Spirit,C,C,,,,,,,
829,08/15/11,19,22,599,Purple,Roadmaster,,C,C,,,,,,,
830,08/15/11,11,14.5,,Purple,Murray,Kiki,C,B,Scrap,09/12/11,,,,,
832,08/15/11,19.5,24,507,White,Exerscience,Yankee,C,C,Earn a Bike ,,,,,,
833,08/15/11,17,23.5,507,White,Exerscience,Yankee,C,C,,,,,,,
834,08/15/11,17,20,559,Blue,Roadmaster,Mt. Furi,C,B,Scrap,08/29/11,,,,,
835,08/15/11,21,28.5,559,Green,Schwinn,Woodlands,B,C,,,,,,,
836,08/15/11,21,21.5,590,Yellow,Koko,Koko Sport,B,B,,,,,,,
837,08/15/11,,,406,Purple,Schwinn,Deelite,B,A,,,,,,,
838,08/18/11,18.5,20,559,Gray,Schwinn,Sidewinder,B,B,,,,,,,
839,08/18/11,17,18.5,507,Purple,Magna,Mtn Tamer,B,A,,,,,,,
840,08/18/11,18,22,559,Blue,Pacific,Kodiak,B,B,,,,,,,
841,08/18/11,18,21,559,Black,FS Elite,Black River,C,B,,,,,,,
842,08/18/11,18,20,559,Black,Mongoose,Zero-G,C,C,,,,,,,
843,08/18/11,15,20,559,Yellow,Diamondback,Sorrento,D,D,,,,,,,
844,08/18/11,,,,Silver,Pacific,DS2,D,B,As-is,08/18/11,,,,,
845,08/18/11,14,20,559,Silver,Roadmaster,Mtn Sport,D,F,,,,,,,
846,08/18/11,18,21,559,Green,Huffy,Blades,C,B,Scrap,08/29/11,,,,,
846,08/18/11,15,20,559,Blue,Mongoose,DX 3.1,B,C,,,,,,,
847,08/18/11,16,21,559,Purple,Pacific,Cachet,B,D,,,,,,,
848,08/18/11,16,22,507,Green,Huffy,Bahama Girl,D,C,Scrap,10/08/11,,,,,
849,08/18/11,13,20,507,Red,Huffy,Stone Mountain,D,B,,,,,,,
850,08/20/11,19,22.5,559,Black,Schwinn,Sierra GS,A,A,As-is,08/20/11,,,,,
851,08/20/11,20,21,622,Black,Giant,Option,A,A,As-is,08/20/11,,,,,
853,08/20/11,21,21,630,Blue,Specialized,Crossroads,A,A,As-is,08/20/11,,,,,
854,08/20/11,17,21,559,Black,Diamondback,Outlook,C,C,,,,,,,
856,08/20/11,11,16,355,Purple,Huffy,Dazzle Jazz,C,C,,,,,,,
857,08/20/11,19,22,559,Green,Schwinn,Collegiate,B,B,,,,,,,
858,08/20/11,11,15,355,Purple,Huffy,Disney Princess,C,C,Scrap,09/12/11,,,,,
859,08/20/11,16,23,559,Blue,Pacific,Evolution,C,C,,,,,,,
860,08/20/11,12,16,406,Black,MGX ,DX2,C,C,,,,,,,
861,08/20/11,21,21,,Blue,Pinnacle,,C,B,Scrap,09/12/11,,,,,
862,08/22/11,,,559,Black,Columbia,Mountain Sports,B,C,Earn a Bike,08/30/11,,,,,
863,08/22/11,14,20,507,Black,Specialized,Rock Hopper,B,B,As-is,10/01/11,,,,,
864,08/22/11,17,22,599,Green,Planet Earth,Epsilon,D,D,Scrap,10/15/11,,,,,
865,08/22/11,18,20,559,Silver,Roadmaster,Mt. Fury,B,B,As-is,09/08/11,,,,,
866,08/22/11,18,22,,Green,GT,Timberline,A,B,As-is,08/25/11,,,,,
867,08/22/11,25,22,630,Blue,Fuji,Dynamic 10,B,B,As-is,09/01/11,,,,,
868,08/22/11,14,20,507,Blue,Giant,Awesome MtB ,C,C,,,,,,,
869,08/15/11,17,20,507,Maroon,Magna,Great Divide DH1 ,B,C,Scrap,09/12/11,,,,,
870,08/25/11,19.75,22,590,Red,Kent,,B,B,,,,,,,
871,08/25/11,21,22.5,559,Blue,Supergo,,A,C,,,,,,,
872,08/29/11,24,23.5,630,White,Gitane,Tour De France,B,D,As-is,09/03/11,,,,,
873,08/15/11,,,507,Pink,Pacific,Quantum,A,B,As-is,09/03/11,,,,,
874,,,,,Black,Huffy,AllPro,B,A,As-is,09/03/11,,,,,
875,08/15/11,,,406,Silver,Quest,,A,B,Scrap,09/12/11,,,,,
876,09/01/11,21.5,22,559,Yellow,Bristol,Avenger MTB,C,F,Scrap,09/12/11,,,,,
877,09/15/11,,,,Black,Specialized,Crossroads,B,F,As-s,09/15/11,40,40,,,
878,09/15/11,,,,Black,Charger,,,,As-is,09/15/11,275,275,,,
879,09/12/11,21.5,22,,Black,Trek,1400,A,C,Earn a Bike,09/19/11,88,88,,,
880,09/17/11,18,21,559,Blue,Iron Horse,Maverick 1.2,B,A,Fix for Sale,09/21/11,90,90,,,
881,09/15/11,20.5,22.5,559,Red,GT,Talera,A,B,Fix for Sale,09/22/11,,,,,
882,09/24/11,20.5,21,622,Black,Tommaso,Imola,A,B,As-is,09/24/11,150,150,,,
883,09/09/01,,,630,Green,Schwinn,World Sport,,,As-is,09/30/11,60,60,,,
884,09/15/11,22,22.5,630,Silver,Schwinn,Sprint,B,A,As-is,10/01/11,80,80,,,
886,10/01/11,18,23,559,Blue,Huffy,Good Vibrations,C,A,As-is,10/01/11,20,20,,,
887,09/12/11,20,27,630,Maroon,Concord,,C,C,As-is,10/01/11,64,64,,,
888,10/03/11,,,559,Black,Trek,800,B,A,As-is,10/01/11,88,88,,,
890,09/15/11,13.5,21,507,Red,Trek,Mountain Track 220,B,A,As-is,10/08/11,70,70,,,
891,09/26/11,25.25,22.5,630,Silver,Raleigh,Technium,,,As-is,10/08/11,100,100,,,
892,10/03/11,,,630,Black,Schwinn,Spirit,,,Fix for Sale,10/08/11,50,50,,,
893,10/08/11,,,559,Blue,Next,,D,A,As-is,10/08/11,,,,,
894,10/01/11,21.5,19,559,Green,Trek,820 Mountain Track,B,B,Earn a Bike,10/13/11,70,70,,,
895,10/10/11,17.5,21,559,Purple,Diamondback,Wildwood,B,B,As-is,10/15/11,62,62,,,
896,08/29/11,10,,406,Red,,,A,A,,,,,,,
897,08/29/11,,,406,Black,,,A,A,,,,,,,
898,08/15/11,,,406,Green,Magna,,C,A,,,,,,,
899,08/15/11,15,20,,Yellow,GT Bicycles,Palomar,,,,,,,,,
900,08/15/11,18,21,,Black,Raleigh,Cayote Pass USA,,,,,,,,,
901,09/02/11,19.5,,559,Black,Bridgestone,MB6,C,F,,,,Frame,,,
902,09/03/11,16,21,559,Green,Schwinn,Classic Cruiser,D,D,,,,,,,
904,09/03/11,17,21,559,Silver,GT,Timberline,B,B,,,,,,,
905,08/15/11,22,23.5,559,Black,Giant,Iguana,B,D,,,,,,,
906,08/15/11,21,32,622,Purple,Gary Fisher,Wahoo,A,C,,,,,,,
907,08/15/11,20,22.5,559,Black,Trek,Singletrack 930,A,C,,,,,,,
908,08/15/11,20,22,559,Blue,Diamondback,Wildwood City,B,C,,,,,,,
909,09/01/11,,,559,Red,Nishiki,Blazer FS,,,,,,,,,
910,09/12/11,19,22,559,Green,Schwinn,High Plains,B,C,As-is,09/17/11,40,40,,,
911,09/12/11,25,21.75,630,Gray,,,A,F,,,,,,,
912,09/12/11,20,222,559,Purple,Raleigh,,C,D,,,,,,,
913,09/15/11,19,23.5,590,Blue,Sears,,C,B,,,,,,,
914,09/15/11,20,27,559,White,Diamondback,Apex,C,B,As-is,09/17/11,,,,,
915,09/15/11,21.5,23,559,White,Fila,Taos,C,C,,,,,,,
916,09/17/11,17,22,559,Gray,Jeep,,B,B,As-is,09/22/11,100,100,,,
917,09/17/11,19,21.5,559,White,,,C,B,,,,,,,
918,09/17/11,19,21.5,559,Black,Huffy,Echelon,D,B,,,,,,,
919,09/17/11,10,15,305,Red,Diamondback,Mini Viper,B,A,,,,,,,
920,09/17/11,19,21,559,Silver,,,B,B,,,,,,,
921,09/17/11,20.5,22.5,559,Silver,Gary Fisher,Advance,B,A,,,,,,,
922,08/15/11,21.5,21.5,,Red,Schwinn,Super Sport,,,,,,,,,
923,09/21/11,17,20.5,622,Gray,Gary Fisher,Avant Garde,A,B,,,,,,,
924,09/26/11,20.5,21,622,Black,Tommaso,IMOLA,A,F,,,,Same as before,,,
925,09/06/11,19.75,22.5,559,Red,Next,Revolution,C,C,,,,,,,
926,09/26/11,21,23.5,559,Black,Schwinn,High Sierra,A,B,,,,,,,
927,09/26/11,23.125,22,559,Yellow,C. I OH,,B,B,As-is,10/22/11,,Korean,,,
928,09/26/11,23,22.5,559,Blue,Trek,900,B,C,,,,,,,
930,09/22/11,19,22,507,Blue,Roadmaster,,C,D,,,,,,,
931,09/29/11,,,,Gray,,,D,C,,,,,,,
932,09/29/11,16,17,305,Red,Huffy,Stocked,B,B,As-is,10/20/11,,,,,
933,09/29/11,12,11,152,Pink,Fisher Price,,D,D,,,,,,,
934,09/29/11,,,,Blue,,Free,,,,,,,,,
935,09/29/11,11,11,203,Pink,,,,,,,,,,,
936,09/29/11,19.5,21,630,Blue,Ecouzle,Sos Uece,,,,,,,,,
937,09/30/11,,,559,Blue,Autobike,Classic,A,B,,,,,,,
938,10/01/11,26,22.5,622,Blue,Lotus,Challenger,A,B,Earn a Bike ,,,,,,
939,09/29/11,22,23,559,Yellow,Huffy,Mt Storm,,,Scrap,10/10/11,,Scrapped,,,
940,10/01/11,23,22,630,Black,Schwinn,World Sport,B,C,As-is,10/22/11,,,,,
941,10/01/11,24.5,22.5,630,Tan,Trek,620,A,D,,,,,,,
942,10/03/11,19,20,630,Blue,Concord,Pacer,B,,As-is,07/10/13,16,2 hours,,,
943,10/08/11,,,630,Green,Schwinn,Varsity,C,F,Earn a Bike ,,,?? or Scrap? Unclear,,,
945,10/10/11,22.5,22.5,630,White,Atala,Gino D'Italia,B,C,,,,,,,
946,10/10/11,17,19.5,507,Blue,Giant,Rincon,B,D,,,,,,,
947,10/10/11,21,22.5,559,Blue,Diamondback,Wildwood,,,,,,,,,
948,10/10/11,22.5,22,622,Blue,J Vittoria,,B,C,,,,,,,
949,10/10/11,17.5,21.5,559,Silver,Raleigh USA,MD40,B,B,,,,,,,
950,10/10/11,22,22,622,Black,Mongoose,Dynametric,B,B,,,,,,,
951,10/10/11,18,21.5,622,Black,Schwinn,Crisscross,B,B,Earn a Bike ,,,,,,
952,10/10/11,17,21,559,Maroon,Diamondback,Wildwood,B,B,,,,rusty bars,,,
953,10/13/11,18,22,559,Gray,Schwinn,Sierra,C,C,Earn a Bike ,,,,,,
954,10/25/11,,,559,Red,Yamaha,XPC,A,B,,,,Electric bike! Motor does not work presently.,,,
955,10/20/11,20.5,22,590,Brown,Raleigh,Sports,D,C,,,,,,,
956,10/20/11,20,22.75,559,Green,Specialized,Rock Hopper,B,C,,,,,,,
957,10/20/11,17,21,559,Red,Schwinn,Mirada,C,B,As-is,10/22/11,,,,,
958,10/22/11,19,22,559,Tan,Schwinn,Clear Creek,B,A,As-is,10/22/11,,,,,
959,10/22/11,15,20,559,Tan,Schwinn,Clear Creek,B,A,,,,,,,
960,10/22/11,15,20,559,Tan,Schwinn,Clear Creek,B,A,,,,,,,
961,10/22/11,20.5,22,597,Blue,Schwinn,Speedster,B,B,Earn a Bike ,,,,,,
962,10/22/11,22.5,21,622,Red,Cannondale,CAD2 R300,A,B,,,,,,,
963,10/25/11,,,559,Silver,GT,LTS 3000,,,,,,,,,
964,10/26/11,20,22.5,559,Yellow,Marin,,B,D,,,,,,,
965,10/26/11,21.5,23,559,Blue,Diamondback,Outlook,B,B,,,,,,,
966,10/26/11,19.5,21.5,630,Maroon,Murray,,D,B,,,,,,,
967,10/26/11,19.5,22.5,559,Silver,Specialized,Hard Rock,A,B,,,,,,,
968,10/26/11,20,23,559,Pink,Specialized,Hard Rock,A,C,,,,,,,
969,06/30/11,,,,Gray,Viscount,,,,As-is,07/16/11,,,,,
970,06/30/11,,,,Brown,,,,,Scrap,08/20/11,,,,,
971,06/30/11,,,,White,BCA,,,,Scrap,07/16/11,,,,,
973,06/27/11,,,,Black,,,,,Earn a Bike ,07/09/11,32,32,,,
974,06/27/11,,,,Brown,Schwinn,Continental,,,Scrap,07/09/11,,,,,
975,06/27/11,,,,Red,American Eagle,,,,Scrap,09/08/11,,, came back to the shop after being stripped of parts,,
976,09/01/11,14.5,,559,Blue,Giant,Sedona CS,,,Earn a Bike,09/15/11,,,,,
977,06/27/11,,,,White,Bridgestone,CB-0,B,C,As-is,02/11/12,70,70,,,
978,02/19/11,22,,630,Gray,Huffy,Carrera,D,D,Scrap,09/15/11,,,,,
979,02/19/11,12,,559,Black,Raleigh,M20,B,C,As-is,08/20/11,75,75,,,
980,08/29/11,,,559,Green,Schwinn,,,,Earn a Bike,08/20/11,40,40,,,
981,06/27/11,,,,Red,Schwinn,,,,As-is,08/05/11,40,40,,,
982,02/19/11,21,21.5,622,Blue,Trek,1100,A,D,Earn a Bike,11/26/11,64,64,,,
983,06/27/11,,,,Blue,Schwinn,Crisscross,,,As-is,10/27/11,40,40,,,
984,02/19/11,,,,Silver,Volksbike,,B,B,As-is,12/17/11,,,,,
985,12/05/11,,,,Red,Giante,,,Frame,As-is,12/05/11,15,15,,,
986,06/30/11,,,,Red,Giant,,,,As-is,08/11/11,32,32 Hours:4,,,
986,06/27/11,,,,Blue,Trek,Mtn track 820,,,Fix for Sale,06/30/11,91,91,,,
987,02/19/11,,,559,Blue,Jamis,Explorer xv,B,D,As-is,09/20/11,40,40,,,
988,06/27/11,,,,Blue,Schwinn,Mega Runner,,,Fix for Sale,10/06/11,69,69,,,
989,06/27/11,,,,Red,Schwinn,Sidewinder,,,Youth,07/28/11,,,,,
990,06/27/11,,,,Red,GT,All Terra,,,Scrap,07/28/11,,,,,
991,06/27/11,,,,Red,Schwinn,Sprint,,,Scrap,07/28/11,,,,,
992,06/27/11,,,,Blue,Sears,,,,As-is,01/14/12,1,1,,,
993,06/27/11,,,,Red,Schwinn,Sidewinder,,,Scrap,07/28/11,,,,,
994,12/03/11,14.5,,559,Red,Giant,Yutton,,,Earn a Bike,03/10/12,24,24,,,
1022,03/15/12,22,22.5,622,Red,Bridgestone,BB-1,A,B,As-is,03/15/12,96,96,,,
1033,06/27/11,,,,Yellow,Nashbar,Tenza 3c,,,As-is,03/25/12,75,75,,,
1071,03/25/12,25,22.5,630,Blue,Schwinn,Wind sport,C,C,As-is,03/25/12,40,40,,,
1073,03/04/12,25.5,22.5,630,Blue,Raleigh,Grand Prix,B,B,As-is,03/25/12,,,,,
1080,10/22/11,15,20,559,Tan,Schwinn,Clear Creek,B,A,As-is,03/15/12,60,60,,,
1134,03/24/11,21,21,622,Red,Puch,170,B,C,As-is,03/25/12,70,70(hours),,,
1136,01/07/12,19.5,21,630,Blue,Takara,Deluxe Touring,C,D,As-is,03/30/12,30,30,,,
1137,03/03/12,22.4,21.65,622,Black,Cannondale,,A,C,As-is,04/06/12,80,80 – 10 Volunteer Hours,,,
1149,04/02/12,14.5,,559,Black,TreK,800,C,C,Fix for Sale,04/07/12,30,30,,,
1176,01/07/12,21,21,630,Blue,Citon,Citon,D,D,As-is,04/02/12,20,20,,,
1189,03/31/12,11,20,559,Silver,Trek,St 820,C,D,As-is,04/07/12,32,32,,,
1193,11/12/11,19,21.5,559,Blue,Huffy,Zurich FS,C,A,As-is,04/07/12,35,35,,,
1208,03/31/12,20,22,622,Green,Wheeler,4300,B,C,As-is,04/07/12,60,60,,,
1211,04/07/12,16,20,559,Green,Iron Horse,MT 100,B,C,As-is,04/07/12,30,30,,,
1216,03/31/12,18,21,622,Red,Wheeler,1300,B,C,As-is,04/07/12,100,100,,,
